year,month,sido,houseCnt,usage,dong,ds,prophet_pred,xgb_pred
2014,1,대전광역시,91300.0,242.0,대덕구,2014-01-01,233.47241236479292,242.41599
2014,2,대전광역시,91398.0,242.75,대덕구,2014-02-01,235.24670066036967,242.58508
2014,3,대전광역시,91492.0,211.38,대덕구,2014-03-01,204.62104390824177,212.77618
2014,4,대전광역시,91526.0,220.26,대덕구,2014-04-01,210.72821577323614,220.84135
2014,5,대전광역시,91509.0,203.83,대덕구,2014-05-01,193.46924749194466,204.40158
2014,6,대전광역시,91495.0,206.7,대덕구,2014-06-01,195.75308997495569,206.70476
2014,7,대전광역시,91459.0,207.52,대덕구,2014-07-01,212.05596786835684,214.20143
2014,8,대전광역시,91418.0,235.09,대덕구,2014-08-01,274.1964538759582,235.71136
2014,9,대전광역시,91475.0,215.4,대덕구,2014-09-01,252.14097687706882,215.27963
2014,10,대전광역시,91461.0,200.77,대덕구,2014-10-01,198.47309486827854,200.82657
2014,11,대전광역시,91505.0,213.65,대덕구,2014-11-01,200.41951794284628,211.97769
2014,12,대전광역시,91609.0,223.09,대덕구,2014-12-01,210.26145187784513,223.19275
2015,1,대전광역시,91572.0,242.91,대덕구,2015-01-01,231.93695759323907,242.53328
2015,2,대전광역시,91573.0,239.24,대덕구,2015-02-01,232.3777971112472,239.51715
2015,3,대전광역시,91589.0,209.92,대덕구,2015-03-01,202.35737056870204,210.40498
2015,4,대전광역시,91626.0,218.71,대덕구,2015-04-01,209.72445914891713,218.7807
2015,5,대전광역시,91673.0,202.13,대덕구,2015-05-01,193.45083539948553,201.13356
2015,6,대전광역시,91710.0,202.13,대덕구,2015-06-01,196.1738805363253,202.05666
2015,7,대전광역시,91759.0,203.51,대덕구,2015-07-01,211.52785838339153,204.16786
2015,8,대전광역시,91816.0,249.83,대덕구,2015-08-01,274.31325701864597,249.46266
2015,9,대전광역시,91866.0,225.24,대덕구,2015-09-01,244.93905007092292,224.98471
2015,10,대전광역시,91952.0,193.87,대덕구,2015-10-01,197.5721935101935,193.58151
2015,11,대전광역시,92013.0,206.61,대덕구,2015-11-01,202.05103323485864,206.99916
2015,12,대전광역시,92128.0,218.08,대덕구,2015-12-01,212.13587651048172,218.11761
2016,1,대전광역시,92096.0,234.87,대덕구,2016-01-01,230.30030725245575,234.53568
2016,2,대전광역시,92261.0,237.92,대덕구,2016-02-01,229.4620872068828,237.79344
2016,3,대전광역시,92265.0,214.2,대덕구,2016-03-01,204.94726909103906,213.03441
2016,4,대전광역시,92395.0,212.59,대덕구,2016-04-01,208.55774854094207,213.02364
2016,5,대전광역시,92415.0,195.03,대덕구,2016-05-01,189.29288255978398,196.08612
2016,6,대전광역시,92415.0,196.54,대덕구,2016-06-01,190.57745938097958,196.44128
2016,7,대전광역시,92349.0,206.09,대덕구,2016-07-01,208.66635462251816,208.14723
2016,8,대전광역시,92333.0,267.96,대덕구,2016-08-01,269.24246135926535,236.73036
2016,9,대전광역시,92361.0,251.45,대덕구,2016-09-01,262.12935095495214,250.79463
2016,10,대전광역시,92325.0,194.21,대덕구,2016-10-01,196.38761424096847,194.11185
2016,11,대전광역시,92362.0,204.24,대덕구,2016-11-01,193.05523033594852,204.05038
2016,12,대전광역시,92450.0,212.96,대덕구,2016-12-01,202.02595487572103,212.99258
2017,1,대전광역시,92506.0,227.94,대덕구,2017-01-01,230.57018306227585,228.41855
2017,2,대전광역시,92656.0,231.83,대덕구,2017-02-01,233.72940717621148,231.99792
2017,3,대전광역시,92622.0,200.79,대덕구,2017-03-01,202.59404708212392,200.71411
2017,4,대전광역시,92719.0,209.96,대덕구,2017-04-01,207.44834134812285,203.97879
2017,5,대전광역시,93529.0,189.86,대덕구,2017-05-01,189.19161975425362,189.46773
2017,6,대전광역시,93509.0,184.59,대덕구,2017-06-01,190.99567363104853,188.80249
2017,7,대전광역시,93543.0,205.81,대덕구,2017-07-01,208.210439573947,203.70244
2017,8,대전광역시,93351.0,255.69,대덕구,2017-08-01,269.61509812410293,255.73558
2017,9,대전광역시,93125.0,221.01,대덕구,2017-09-01,254.9825337741981,247.38324
2017,10,대전광역시,92849.0,185.91,대덕구,2017-10-01,195.18757787797537,186.30605
2017,11,대전광역시,92705.0,200.72,대덕구,2017-11-01,194.52853607706638,199.7884
2017,12,대전광역시,92923.0,211.05,대덕구,2017-12-01,203.9989010141128,211.25562
2018,1,대전광역시,92853.0,229.17,대덕구,2018-01-01,229.1358384298438,228.26363
2018,2,대전광역시,92866.0,235.31,대덕구,2018-02-01,230.91013168983548,228.36671
2018,3,대전광역시,92897.0,200.64,대덕구,2018-03-01,200.28447942165616,200.57028
2018,4,대전광역시,92963.0,205.8,대덕구,2018-04-01,206.39165639634945,204.7175
2018,5,대전광역시,92927.0,190.76,대덕구,2018-05-01,189.13269305997818,189.70477
2018,6,대전광역시,92932.0,193.27,대덕구,2018-06-01,191.416540622692,193.73499
2018,7,대전광역시,92994.0,208.02,대덕구,2018-07-01,207.7194234319286,200.89049
2018,8,대전광역시,93005.0,316.34,대덕구,2018-08-01,269.85993112809155,271.95425
2018,9,대전광역시,93105.0,255.21,대덕구,2018-09-01,247.8044758177217,237.2312
2018,10,대전광역시,93133.0,184.26,대덕구,2018-10-01,194.13661467254462,184.86472
2018,11,대전광역시,93176.0,194.88,대덕구,2018-11-01,196.08305930619719,194.61873
2018,12,대전광역시,93245.0,207.75,대덕구,2018-12-01,205.92917825822798,207.13478
2019,1,대전광역시,93354.0,227.25,대덕구,2019-01-01,227.60900849120983,230.59183
2019,2,대전광역시,93479.0,225.78,대덕구,2019-02-01,228.05417253588666,225.24475
2019,3,대전광역시,93471.0,197.03,대덕구,2019-03-01,198.03765201735501,197.18935
2019,4,대전광역시,93467.0,205.78,대덕구,2019-04-01,205.41091230507226,204.39478
2019,5,대전광역시,93520.0,187.23,대덕구,2019-05-01,189.1432611757956,187.58322
2019,6,대전광역시,93564.0,187.6,대덕구,2019-06-01,191.8724780201384,192.06615
2019,7,대전광역시,93585.0,191.53,대덕구,2019-07-01,207.23242845106165,193.52454
2019,8,대전광역시,93570.0,256.65,대덕구,2019-08-01,270.02399875631403,256.24854
2019,9,대전광역시,93610.0,248.29,대덕구,2019-09-01,240.72338046834318,247.7199
2019,10,대전광역시,93590.0,192.5,대덕구,2019-10-01,193.42773873965766,186.22699
2019,11,대전광역시,93632.0,192.46,대덕구,2019-11-01,197.9801671186367,193.1458
2019,12,대전광역시,93653.0,202.06,대덕구,2019-12-01,208.1362252210042,202.02242
2020,1,대전광역시,93647.0,219.71,대덕구,2020-01-01,226.466509662937,221.91513
2020,2,대전광역시,93684.0,221.15,대덕구,2020-02-01,225.79414331736555,222.24518
2020,3,대전광역시,93733.0,205.06,대덕구,2020-03-01,201.43447864811245,205.15842
2020,4,대전광역시,93722.0,209.19,대덕구,2020-04-01,205.2108117823358,210.40942
2020,5,대전광역시,96055.0,189.08,대덕구,2020-05-01,186.18132972203642,190.20027
2020,6,대전광역시,95911.0,188.32,대덕구,2020-06-01,187.70913659476463,192.71646
2020,7,대전광역시,96069.0,198.16,대덕구,2020-07-01,206.03341577077006,207.05888
2020,8,대전광역시,95953.0,224.06,대덕구,2020-08-01,266.8527525731408,225.66103
2020,9,대전광역시,95885.0,269.84,대덕구,2020-09-01,260.04151408624034,269.22433
2020,10,대전광역시,95810.0,187.78,대덕구,2020-10-01,194.5919114859417,193.84851
2020,11,대전광역시,95828.0,196.4,대덕구,2020-11-01,191.56139902586594,204.09319
2020,12,대전광역시,95831.0,205.8,대덕구,2020-12-01,200.82425722200463,206.51399
2021,1,대전광역시,95737.0,233.76,대덕구,2021-01-01,229.68278722465757,233.46358
2021,2,대전광역시,95747.0,234.49,대덕구,2021-02-01,233.15631315465117,233.87965
2021,3,대전광역시,95722.0,198.95,대덕구,2021-03-01,202.3048385701503,204.14523
2021,4,대전광역시,95731.0,206.45,대덕구,2021-04-01,207.47343465029346,206.61932
2021,5,대전광역시,95801.0,191.07,대덕구,2021-05-01,189.52808144026497,191.23024
2021,6,대전광역시,95841.0,196.28,대덕구,2021-06-01,191.6538826469891,196.72499
2021,7,대전광역시,94900.0,215.18,대덕구,2021-07-01,209.1800169736735,211.12766
2021,8,대전광역시,96593.0,300.17,대덕구,2021-08-01,270.9064227624849,297.76758
2021,9,대전광역시,96591.0,239.7,대덕구,2021-09-01,256.5956056511728,240.78194
2021,10,대전광역시,96651.0,193.42,대덕구,2021-10-01,197.1120180678757,193.53275
2021,11,대전광역시,96722.0,198.6,대덕구,2021-11-01,196.77472352363296,198.74095
2021,12,대전광역시,96711.0,206.01,대덕구,2021-12-01,206.55645270556627,206.17876
2022,1,대전광역시,96768.0,228.79,대덕구,2022-01-01,232.01513317432327,229.4882
2022,2,대전광역시,96748.0,232.26,대덕구,2022-02-01,234.11117092875827,231.80777
2022,3,대전광역시,96243.0,204.63,대덕구,2022-03-01,203.7761265910357,204.45982
2022,4,대전광역시,96229.0,211.64,대덕구,2022-04-01,210.2050479148626,210.98972
2022,5,대전광역시,96227.0,188.43,대덕구,2022-05-01,193.25745007758192,188.27963
2022,6,대전광역시,96215.0,193.54,대덕구,2022-06-01,195.8630420756022,189.91957
2022,7,대전광역시,96215.0,238.33,대덕구,2022-07-01,212.47729046738505,236.59886
2022,8,대전광역시,96318.0,290.95,대덕구,2022-08-01,274.9395259900181,291.3873
2022,9,대전광역시,96397.0,254.33,대덕구,2022-09-01,253.2057985061207,255.0314
2022,10,대전광역시,96481.0,198.1,대덕구,2022-10-01,199.84928688734072,197.95369
2022,11,대전광역시,96513.0,197.66,대덕구,2022-11-01,202.11745936496757,196.68167
2022,12,대전광역시,96541.0,206.25,대덕구,2022-12-01,212.2707636899845,206.36812
2023,1,대전광역시,96627.0,234.13,대덕구,2023-01-01,234.26801880841228,228.88936
2023,2,대전광역시,96658.0,230.35,대덕구,2023-02-01,235.03060773849148,227.55229
2023,3,대전광역시,96785.0,193.91,대덕구,2023-03-01,205.30079356814102,210.17548
2023,4,대전광역시,96793.0,198.92,대덕구,2023-04-01,212.98963156043504,199.86609
2023,5,대전광역시,96886.0,187.14,대덕구,2023-05-01,197.02737820978263,187.00107
2023,6,대전광역시,96930.0,192.1,대덕구,2023-06-01,200.0721727587046,192.32219
2023,7,대전광역시,96884.0,220.57,대덕구,2023-07-01,215.73752096824305,221.0727
2023,8,대전광역시,96892.0,290.09,대덕구,2023-08-01,278.84466897806055,289.66412
2023,9,대전광역시,96865.0,284.19,대덕구,2023-09-01,249.7922114049075,284.14996
2023,10,대전광역시,97770.0,203.36,대덕구,2023-10-01,202.73672520664886,203.16245
2023,11,대전광역시,98472.0,188.99,대덕구,2023-11-01,207.53731430036967,196.90926
2023,12,대전광역시,98476.0,201.0,대덕구,2023-12-01,217.93352793317186,200.89114
2024,1,대전광역시,98502.0,221.47,대덕구,2024-01-01,236.41970804423116,224.08713
2024,2,대전광역시,98589.0,222.87,대덕구,2024-02-01,235.9032373677512,223.24207
2024,3,대전광역시,98584.0,201.08,대덕구,2024-03-01,211.68941058250152,200.7786
2024,4,대전광역시,98822.0,200.81,대덕구,2024-04-01,215.6216393858022,201.54996
2024,5,대전광역시,98809.0,182.16,대덕구,2024-05-01,196.66814374664773,182.54727
2024,6,대전광역시,98807.0,189.71,대덕구,2024-06-01,198.27446992124908,189.55896
2024,7,대전광역시,98838.0,221.23,대덕구,2024-07-01,216.6747355183899,221.20824
2024,8,대전광역시,98866.0,309.87,대덕구,2024-08-01,277.57259162261767,309.701
2024,9,대전광역시,98874.0,328.96,대덕구,2024-09-01,270.78123058582133,329.54562
2024,10,대전광역시,98837.0,241.13,대덕구,2024-10-01,205.35086422740423,240.46913
2024,11,대전광역시,98887.0,190.72,대덕구,2024-11-01,202.3402292173219,191.53358
2024,12,대전광역시,98768.0,197.92,대덕구,2024-12-01,211.62232365541064,198.21582
2025,1,,,,대덕구,,240.4883007369,235.24872
2025,2,,,,대덕구,,243.96927374575822,231.29292
2025,3,,,,대덕구,,213.12452555501721,221.074
2025,4,,,,대덕구,,218.3005687140161,207.85857
2025,5,,,,대덕구,,200.35521701658686,188.13249
2025,6,,,,대덕구,,202.48101978638715,195.70822
2025,7,,,,대덕구,,220.00715562573188,220.0713
2025,8,,,,대덕구,,281.7335629775834,313.9613
2025,9,,,,대덕구,,267.4227474293525,278.90384
2025,10,,,,대덕구,,207.9391613412155,224.96368
2025,11,,,,대덕구,,207.60186834198345,203.18605
2025,12,,,,대덕구,,217.38359901913475,202.94945
2014,1,대전광역시,125357.0,226.39,동구,2014-01-01,220.77795360278267,223.23315
2014,2,대전광역시,125366.0,227.24,동구,2014-02-01,221.31948397116238,224.6742
2014,3,대전광역시,125473.0,197.34,동구,2014-03-01,191.38947201270696,197.54652
2014,4,대전광역시,125508.0,207.21,동구,2014-04-01,199.34858762708083,211.32315
2014,5,대전광역시,125391.0,192.79,동구,2014-05-01,183.12906316535722,189.15805
2014,6,대전광역시,125379.0,196.99,동구,2014-06-01,187.6866012842963,196.8315
2014,7,대전광역시,125320.0,198.64,동구,2014-07-01,203.57271480807256,198.43944
2014,8,대전광역시,125392.0,222.08,동구,2014-08-01,261.2456535621052,221.66963
2014,9,대전광역시,125473.0,202.27,동구,2014-09-01,226.70315330171516,202.56032
2014,10,대전광역시,125476.0,187.5,동구,2014-10-01,186.82816165637763,187.4676
2014,11,대전광역시,125545.0,205.04,동구,2014-11-01,191.4384064292812,204.8379
2014,12,대전광역시,125648.0,214.3,동구,2014-12-01,200.88231896465314,213.92052
2015,1,대전광역시,125850.0,228.85,동구,2015-01-01,217.27231342614695,228.11575
2015,2,대전광역시,125910.0,223.75,동구,2015-02-01,217.01518758444305,221.13943
2015,3,대전광역시,125888.0,197.38,동구,2015-03-01,188.26577459988033,197.31857
2015,4,대전광역시,125989.0,206.6,동구,2015-04-01,198.41036318146178,206.52809
2015,5,대전광역시,125972.0,189.22,동구,2015-05-01,182.3099993136917,185.9616
2015,6,대전광역시,125992.0,191.76,동구,2015-06-01,186.76093351625715,191.84148
2015,7,대전광역시,126172.0,191.34,동구,2015-07-01,201.4373095849226,191.62122
2015,8,대전광역시,126354.0,238.63,동구,2015-08-01,261.4604337275566,238.96191
2015,9,대전광역시,126513.0,201.73,동구,2015-09-01,217.16287065515073,202.84863
2015,10,대전광역시,126562.0,183.14,동구,2015-10-01,185.50930479186604,182.92747
2015,11,대전광역시,126618.0,197.76,동구,2015-11-01,193.11780303159557,198.26814
2015,12,대전광역시,126811.0,206.49,동구,2015-12-01,202.06545899207208,207.51862
2016,1,대전광역시,127388.0,216.24,동구,2016-01-01,213.6502111886654,216.13785
2016,2,대전광역시,127682.0,223.14,동구,2016-02-01,212.67883531101427,222.9774
2016,3,대전광역시,127670.0,197.53,동구,2016-03-01,189.7548497393659,197.48509
2016,4,대전광역시,127581.0,198.37,동구,2016-04-01,193.30286382034706,198.36104
2016,5,대전광역시,127594.0,183.49,동구,2016-05-01,176.72995360068748,183.4689
2016,6,대전광역시,128210.0,185.56,동구,2016-06-01,181.3978853342999,185.34845
2016,7,대전광역시,128478.0,196.79,동구,2016-07-01,199.67583660944263,196.77124
2016,8,대전광역시,128800.0,252.39,동구,2016-08-01,252.32545271999066,242.84259
2016,9,대전광역시,129115.0,219.9,동구,2016-09-01,237.63210225445278,220.13596
2016,10,대전광역시,129228.0,179.46,동구,2016-10-01,181.9090947392214,180.47723
2016,11,대전광역시,129242.0,192.8,동구,2016-11-01,180.2120368439969,192.65205
2016,12,대전광역시,129324.0,200.13,동구,2016-12-01,190.172062912209,200.425
2017,1,대전광역시,129455.0,210.69,동구,2017-01-01,216.07612855553893,210.99518
2017,2,대전광역시,129370.0,216.0,동구,2017-02-01,217.49898795105062,216.13948
2017,3,대전광역시,129685.0,184.14,동구,2017-03-01,186.50036894062413,184.51971
2017,4,대전광역시,129646.0,193.09,동구,2017-04-01,192.26564102803195,192.18347
2017,5,대전광역시,129899.0,177.42,동구,2017-05-01,175.8940643193188,177.5045
2017,6,대전광역시,129942.0,177.86,동구,2017-06-01,180.5299728863502,178.01784
2017,7,대전광역시,130031.0,199.74,동구,2017-07-01,197.62275298503565,189.27238
2017,8,대전광역시,130249.0,242.86,동구,2017-08-01,252.84642940618141,242.89754
2017,9,대전광역시,130343.0,195.16,동구,2017-09-01,228.18348855937188,208.95901
2017,10,대전광역시,130378.0,175.92,동구,2017-10-01,180.29070163496365,175.81828
2017,11,대전광역시,130465.0,180.89,동구,2017-11-01,181.80522241651687,181.07004
2017,12,대전광역시,130544.0,199.89,동구,2017-12-01,191.5993193892383,199.71382
2018,1,대전광역시,132275.0,211.34,동구,2018-01-01,212.77740151206024,211.43303
2018,2,대전광역시,132429.0,214.8,동구,2018-02-01,213.3321576560785,215.33276
2018,3,대전광역시,132527.0,183.06,동구,2018-03-01,183.41409155944694,182.25203
2018,4,대전광역시,133139.0,189.3,동구,2018-04-01,191.39163884444645,188.82681
2018,5,대전광역시,134515.0,171.71,동구,2018-05-01,175.1899514833777,172.08789
2018,6,대전광역시,134533.0,176.42,동구,2018-06-01,179.76592127656815,176.3678
2018,7,대전광역시,134662.0,187.25,동구,2018-07-01,195.66987190446514,187.69307
2018,8,대전광역시,134661.0,293.98,동구,2018-08-01,253.38924324393167,292.96106
2018,9,대전광역시,134689.0,214.46,동구,2018-09-01,218.89317556891288,213.72101
2018,10,대전광역시,134669.0,168.25,동구,2018-10-01,179.06311868170215,168.3253
2018,11,대전광역시,134805.0,177.4,동구,2018-11-01,183.7197960380302,178.32214
2018,12,대전광역시,135035.0,191.07,동구,2018-12-01,193.2986806461036,191.14178
2019,1,대전광역시,135254.0,208.87,동구,2019-01-01,209.82814624936714,206.06198
2019,2,대전광역시,135383.0,206.44,동구,2019-02-01,209.71049156361227,206.12827
2019,3,대전광역시,135218.0,179.32,동구,2019-03-01,181.08705252624762,179.48842
2019,4,대전광역시,135196.0,192.66,동구,2019-04-01,191.4899638248722,193.62029
2019,5,대전광역시,135191.0,175.47,동구,2019-05-01,175.6395896832646,175.34222
2019,6,대전광역시,135204.0,177.7,동구,2019-06-01,180.34884660288228,177.5764
2019,7,대전광역시,135213.0,181.36,동구,2019-07-01,195.2752121629945,181.19196
2019,8,대전광역시,135203.0,250.84,동구,2019-08-01,255.55665878014494,277.78763
2019,9,대전광역시,135130.0,221.59,동구,2019-09-01,211.62048930233047,219.1621
2019,10,대전광역시,135047.0,179.76,동구,2019-10-01,180.3166591757902,179.22752
2019,11,대전광역시,135022.0,182.9,동구,2019-11-01,188.28654905463083,182.72943
2019,12,대전광역시,137314.0,189.28,동구,2019-12-01,197.5839388593863,189.3557
2020,1,대전광역시,137230.0,202.52,동구,2020-01-01,209.56471022982876,203.10378
2020,2,대전광역시,137013.0,204.49,동구,2020-02-01,208.98935352607504,205.14906
2020,3,대전광역시,136938.0,189.24,동구,2020-03-01,186.43583745325407,189.63406
2020,4,대전광역시,136705.0,192.64,동구,2020-04-01,190.379870653709,192.02608
2020,5,대전광역시,136539.0,178.92,동구,2020-05-01,174.19040354747625,178.99065
2020,6,대전광역시,136450.0,184.96,동구,2020-06-01,179.25455983159517,180.61554
2020,7,대전광역시,136331.0,192.35,동구,2020-07-01,197.9159540905024,192.79782
2020,8,대전광역시,136201.0,216.41,동구,2020-08-01,250.9617946176229,217.55605
2020,9,대전광역시,136240.0,251.14,동구,2020-09-01,236.66476456704982,250.3099
2020,10,대전광역시,136162.0,176.38,동구,2020-10-01,181.32529293735362,176.76033
2020,11,대전광역시,136163.0,187.05,동구,2020-11-01,180.02374870185415,187.08221
2020,12,대전광역시,136075.0,196.02,동구,2020-12-01,190.36652992460094,194.1267
2021,1,대전광역시,136123.0,222.26,동구,2021-01-01,216.6661100691188,221.59366
2021,2,대전광역시,136229.0,218.07,동구,2021-02-01,218.48448396577962,218.08475
2021,3,대전광역시,136342.0,185.31,동구,2021-03-01,187.83839272085842,190.10202
2021,4,대전광역시,136204.0,194.07,동구,2021-04-01,193.99396340572653,194.22722
2021,5,대전광역시,136233.0,180.13,동구,2021-05-01,178.0000950041862,181.36328
2021,6,대전광역시,136191.0,189.38,동구,2021-06-01,183.02630215522586,183.61475
2021,7,대전광역시,133762.0,206.66,동구,2021-07-01,200.49679056102025,206.9558
2021,8,대전광역시,133720.0,285.07,동구,2021-08-01,256.10841676133856,285.24826
2021,9,대전광역시,135423.0,216.41,동구,2021-09-01,231.833425693629,217.66252
2021,10,대전광역시,135412.0,185.65,동구,2021-10-01,184.31607403915183,185.06311
2021,11,대전광역시,135442.0,190.54,동구,2021-11-01,186.21854459961233,190.32706
2021,12,대전광역시,135490.0,196.79,동구,2021-12-01,196.3833814154415,196.58476
2022,1,대전광역시,135514.0,215.31,동구,2022-01-01,217.9445613761154,215.7938
2022,2,대전광역시,135587.0,216.93,동구,2022-02-01,218.88241535860516,217.58313
2022,3,대전광역시,135986.0,189.04,동구,2022-03-01,189.3103731160502,188.69725
2022,4,대전광역시,135867.0,197.69,동구,2022-04-01,197.66581234449967,196.75107
2022,5,대전광역시,135674.0,176.62,동구,2022-05-01,181.8298268641089,176.98352
2022,6,대전광역시,135609.0,182.75,동구,2022-06-01,186.78368861456667,182.94655
2022,7,대전광역시,135550.0,234.17,동구,2022-07-01,203.05334113656642,208.31651
2022,8,대전광역시,135614.0,268.28,동구,2022-08-01,261.12260352214423,275.02094
2022,9,대전광역시,135700.0,227.01,동구,2022-09-01,226.97642689324695,226.81682
2022,10,대전광역시,135719.0,185.85,동구,2022-10-01,187.4849742393464,186.03304
2022,11,대전광역시,136243.0,186.23,동구,2022-11-01,192.49154263678517,186.87157
2022,12,대전광역시,136239.0,195.77,동구,2022-12-01,202.31899416359585,195.64821
2023,1,대전광역시,136335.0,219.51,동구,2023-01-01,219.10531224958643,218.51595
2023,2,대전광역시,136324.0,216.29,동구,2023-02-01,219.24451004650302,215.56262
2023,3,대전광역시,136178.0,181.93,동구,2023-03-01,190.8530668000415,182.30757
2023,4,대전광역시,136043.0,189.63,동구,2023-04-01,201.39397902024132,190.17436
2023,5,대전광역시,136039.0,178.51,동구,2023-05-01,185.6771541575805,178.49768
2023,6,대전광역시,135871.0,185.44,동구,2023-06-01,190.52441199876841,184.86183
2023,7,대전광역시,135954.0,213.64,동구,2023-07-01,205.5843268378188,212.6436
2023,8,대전광역시,135916.0,275.69,동구,2023-08-01,266.0037743765226,276.21915
2023,9,대전광역시,135878.0,259.96,동구,2023-09-01,222.10253470019308,221.8238
2023,10,대전광역시,135942.0,190.31,동구,2023-10-01,190.83250760728023,191.31657
2023,11,대전광역시,136150.0,184.99,동구,2023-11-01,198.8373272875067,189.68085
2023,12,대전광역시,136218.0,196.0,동구,2023-12-01,208.16852012591326,196.12637
2024,1,대전광역시,137530.0,211.56,동구,2024-01-01,220.1495937630463,211.53436
2024,2,대전광역시,138555.0,209.35,동구,2024-02-01,219.57453932592603,210.01935
2024,3,대전광역시,138635.0,187.31,동구,2024-03-01,197.02130601868643,187.26807
2024,4,대전광역시,138696.0,189.11,동구,2024-04-01,200.96564148576743,188.63138
2024,5,대전광역시,141132.0,168.92,동구,2024-05-01,184.77626809138005,171.46332
2024,6,대전광역시,141347.0,177.0,동구,2024-06-01,189.8405212111021,177.48705
2024,7,대전광역시,141359.0,206.78,동구,2024-07-01,208.50200918184711,207.39969
2024,8,대전광역시,141471.0,286.15,동구,2024-08-01,261.54794654453656,291.18008
2024,9,대전광역시,141539.0,295.24,동구,2024-09-01,247.25091733118904,294.7718
2024,10,대전광역시,141464.0,217.19,동구,2024-10-01,191.9114465115118,216.99722
2024,11,대전광역시,141534.0,180.95,동구,2024-11-01,190.60990311309928,180.88203
2024,12,대전광역시,141719.0,187.86,동구,2024-12-01,200.95268514595938,187.9324
2025,1,,,,동구,,227.2522652860961,220.83946
2025,2,,,,동구,,229.07063917840225,217.1726
2025,3,,,,동구,,198.4245479294848,191.21852
2025,4,,,,동구,,204.5801186099881,198.74927
2025,5,,,,동구,,188.58625021717327,176.1489
2025,6,,,,동구,,193.61245737732145,188.28232
2025,7,,,,동구,,211.08294579191045,213.91522
2025,8,,,,동구,,266.69457200128426,281.49747
2025,9,,,,동구,,242.41958094267306,260.9898
2025,10,,,,동구,,194.90222929718556,208.74657
2025,11,,,,동구,,196.80469986694368,186.03502
2025,12,,,,동구,,206.96953669184452,203.53836
2014,1,대전광역시,219568.0,245.28,서구,2014-01-01,232.8208897643872,245.54091
2014,2,대전광역시,219764.0,245.68,서구,2014-02-01,233.58471134325526,245.25937
2014,3,대전광역시,222308.0,212.26,서구,2014-03-01,202.5512553551027,212.01833
2014,4,대전광역시,222416.0,222.75,서구,2014-04-01,210.1562136950041,222.82942
2014,5,대전광역시,224035.0,205.97,서구,2014-05-01,193.82242960401052,206.45268
2014,6,대전광역시,224223.0,210.65,서구,2014-06-01,198.7299003246857,210.64589
2014,7,대전광역시,224298.0,214.01,서구,2014-07-01,217.34369009284677,213.9348
2014,8,대전광역시,224489.0,244.71,서구,2014-08-01,286.32102170157805,244.33223
2014,9,대전광역시,224723.0,219.63,서구,2014-09-01,257.66891962165346,219.40466
2014,10,대전광역시,224965.0,201.29,서구,2014-10-01,199.81869836797438,201.37871
2014,11,대전광역시,225305.0,216.55,서구,2014-11-01,201.94981772196218,210.58775
2014,12,대전광역시,225600.0,226.36,서구,2014-12-01,210.4395542925757,222.51884
2015,1,대전광역시,225925.0,245.08,서구,2015-01-01,231.61290845746475,244.97453
2015,2,대전광역시,226130.0,241.15,서구,2015-02-01,231.47800340119093,249.62436
2015,3,대전광역시,226284.0,211.92,서구,2015-03-01,201.01417067143137,206.74347
2015,4,대전광역시,226544.0,221.9,서구,2015-04-01,210.34363760199687,220.63194
2015,5,대전광역시,226674.0,205.19,서구,2015-05-01,194.85158798417638,204.88632
2015,6,대전광역시,226942.0,206.57,서구,2015-06-01,199.97418539622072,206.28392
2015,7,대전광역시,227088.0,209.55,서구,2015-07-01,217.8484013983769,209.0854
2015,8,대전광역시,228555.0,259.8,서구,2015-08-01,287.97757711465596,260.37183
2015,9,대전광역시,229246.0,226.41,서구,2015-09-01,249.76221864420353,215.01236
2015,10,대전광역시,229491.0,195.9,서구,2015-10-01,200.19983097010984,196.30957
2015,11,대전광역시,229671.0,208.98,서구,2015-11-01,205.26183475785018,208.84781
2015,12,대전광역시,231310.0,216.91,서구,2015-12-01,213.67995439179268,216.78783
2016,1,대전광역시,231689.0,231.38,서구,2016-01-01,230.2892789197897,232.13498
2016,2,대전광역시,232544.0,236.58,서구,2016-02-01,229.3263160046305,236.28046
2016,3,대전광역시,232698.0,212.14,서구,2016-03-01,205.12657903474226,209.87744
2016,4,대전광역시,232769.0,211.78,서구,2016-04-01,209.298987016369,212.51346
2016,5,대전광역시,232764.0,196.19,서구,2016-05-01,191.2173482103796,196.4707
2016,6,대전광역시,232854.0,199.63,서구,2016-06-01,195.5778520443646,200.25749
2016,7,대전광역시,233059.0,212.2,서구,2016-07-01,215.56653910117961,212.24803
2016,8,대전광역시,233270.0,281.82,서구,2016-08-01,281.8836668887151,281.14267
2016,9,대전광역시,233624.0,255.82,서구,2016-09-01,272.7325379980779,256.24136
2016,10,대전광역시,233905.0,195.72,서구,2016-10-01,198.94472088188837,195.66833
2016,11,대전광역시,234108.0,206.5,서구,2016-11-01,194.919526911366,206.62303
2016,12,대전광역시,234294.0,214.62,서구,2016-12-01,203.08449046734702,214.54756
2017,1,대전광역시,234962.0,227.97,서구,2017-01-01,233.2497258571581,230.93599
2017,2,대전광역시,236246.0,231.35,서구,2017-02-01,234.9801977728839,231.99463
2017,3,대전광역시,236658.0,200.51,서구,2017-03-01,203.48098205130125,200.74968
2017,4,대전광역시,236930.0,210.79,서구,2017-04-01,209.36616923362845,208.66878
2017,5,대전광역시,237142.0,192.49,서구,2017-05-01,192.16862353664436,192.80377
2017,6,대전광역시,237896.0,192.82,서구,2017-06-01,196.82192990341522,192.99956
2017,7,대전광역시,237965.0,213.25,서구,2017-07-01,216.1407945170753,213.26877
2017,8,대전광역시,239256.0,271.96,서구,2017-08-01,283.8487243149555,272.13522
2017,9,대전광역시,239612.0,224.75,서구,2017-09-01,264.88860071792584,224.64674
2017,10,대전광역시,240712.0,188.5,서구,2017-10-01,198.96114054883594,188.78659
2017,11,대전광역시,240884.0,208.73,서구,2017-11-01,198.06183458593569,198.05743
2017,12,대전광역시,240982.0,213.93,서구,2017-12-01,206.46891209259525,203.11026
2018,1,대전광역시,241477.0,231.75,서구,2018-01-01,232.16462506107118,231.90344
2018,2,대전광역시,241945.0,234.83,서구,2018-02-01,232.93027206785862,234.2915
2018,3,대전광역시,242345.0,201.66,서구,2018-03-01,201.8984648532669,201.48196
2018,4,대전광역시,242708.0,207.19,서구,2018-04-01,209.5056759270189,208.61307
2018,5,대전광역시,242714.0,192.28,서구,2018-05-01,193.17407190110077,192.47798
2018,6,대전광역시,242764.0,198.32,서구,2018-06-01,198.08379517429594,197.29295
2018,7,대전광역시,242903.0,214.36,서구,2018-07-01,216.6997648319934,211.18034
2018,8,대전광역시,243238.0,339.53,서구,2018-08-01,285.6793516045849,267.77832
2018,9,대전광역시,243439.0,253.34,서구,2018-09-01,257.0295046884649,253.61102
2018,10,대전광역시,243678.0,187.61,서구,2018-10-01,199.18146585683257,188.3798
2018,11,대전광역시,243999.0,195.52,서구,2018-11-01,201.31484038029245,195.88968
2018,12,대전광역시,244397.0,209.07,서구,2018-12-01,209.83596262696886,209.10493
2019,1,대전광역시,244697.0,229.72,서구,2019-01-01,231.04174865710672,229.30339
2019,2,대전광역시,244863.0,227.08,서구,2019-02-01,230.9392754029215,228.2325
2019,3,대전광역시,244974.0,199.27,서구,2019-03-01,200.50473591366097,201.1521
2019,4,대전광역시,245027.0,210.43,서구,2019-04-01,209.95306873542958,210.8332
2019,5,대전광역시,244869.0,192.57,서구,2019-05-01,194.57605062521685,192.88652
2019,6,대전광역시,244656.0,192.83,서구,2019-06-01,199.81751392846894,193.05757
2019,7,대전광역시,245465.0,197.61,서구,2019-07-01,217.80676144596362,199.47714
2019,8,대전광역시,245339.0,272.14,서구,2019-08-01,288.0548030614466,277.1761
2019,9,대전광역시,247667.0,259.89,서구,2019-09-01,250.06521336575568,229.63486
2019,10,대전광역시,248014.0,196.67,서구,2019-10-01,200.72131160276007,195.28586
2019,11,대전광역시,247912.0,197.61,서구,2019-11-01,206.00908407038133,197.31647
2019,12,대전광역시,247866.0,207.8,서구,2019-12-01,214.64568952354978,208.09099
2020,1,대전광역시,247937.0,225.16,서구,2020-01-01,231.51830505944275,242.53185
2020,2,대전광역시,248230.0,226.72,서구,2020-02-01,230.81863315223347,226.83495
2020,3,대전광역시,248561.0,212.15,서구,2020-03-01,206.86519913560133,210.69485
2020,4,대전광역시,248682.0,218.16,서구,2020-04-01,211.30089648109427,217.51753
2020,5,대전광역시,248756.0,202.39,서구,2020-05-01,193.4740638750033,201.54176
2020,6,대전광역시,248849.0,207.53,서구,2020-06-01,198.09786744885233,203.05847
2020,7,대전광역시,248940.0,219.88,서구,2020-07-01,218.34136069800326,218.68335
2020,8,대전광역시,249056.0,246.63,서구,2020-08-01,284.9217882176258,248.35367
2020,9,대전광역시,249455.0,301.91,서구,2020-09-01,276.0339591051588,300.52664
2020,10,대전광역시,249605.0,201.99,서구,2020-10-01,202.50094822598913,203.35016
2020,11,대전광역시,250058.0,208.84,서구,2020-11-01,198.73905384771052,208.40819
2020,12,대전광역시,251817.0,215.91,서구,2020-12-01,207.1588234606633,215.55185
2021,1,대전광역시,251797.0,243.05,서구,2021-01-01,237.58735844130655,242.242
2021,2,대전광역시,251842.0,240.01,서구,2021-02-01,239.5811299478215,239.88794
2021,3,대전광역시,251827.0,204.1,서구,2021-03-01,208.31964890048488,205.56349
2021,4,대전광역시,251826.0,212.21,서구,2021-04-01,214.46804232924302,212.81554
2021,5,대전광역시,251946.0,197.59,서구,2021-05-01,197.52521237894777,197.75198
2021,6,대전광역시,252104.0,206.47,서구,2021-06-01,202.4417250172355,206.0308
2021,7,대전광역시,250646.0,227.13,서구,2021-07-01,222.01530537751577,231.75404
2021,8,대전광역시,253835.0,324.15,서구,2021-08-01,289.9858609783196,297.22055
2021,9,대전광역시,253936.0,253.01,서구,2021-09-01,271.2883631841339,254.61795
2021,10,대전광역시,253546.0,204.22,서구,2021-10-01,205.6150570200682,202.81168
2021,11,대전광역시,253866.0,207.41,서구,2021-11-01,204.9783768623338,207.66055
2021,12,대전광역시,254047.0,213.0,서구,2021-12-01,213.63849600190613,213.00687
2022,1,대전광역시,254134.0,234.54,서구,2022-01-01,239.59568532436205,237.8033
2022,2,대전광역시,254321.0,237.32,서구,2022-02-01,240.622808779959,237.86844
2022,3,대전광역시,254420.0,208.74,서구,2022-03-01,209.82717384169325,207.60973
2022,4,대전광역시,254360.0,216.49,서구,2022-04-01,217.69543405829108,215.42966
2022,5,대전광역시,254319.0,194.07,서구,2022-05-01,201.61645823504062,193.58798
2022,6,대전광역시,254173.0,199.67,서구,2022-06-01,206.78723109743888,200.45428
2022,7,대전광역시,254170.0,250.78,서구,2022-07-01,225.65582938982945,248.94833
2022,8,대전광역시,252890.0,307.5,서구,2022-08-01,294.8964631403105,307.473
2022,9,대전광역시,252876.0,267.23,서구,2022-09-01,266.5076632020862,266.2668
2022,10,대전광역시,252953.0,205.71,서구,2022-10-01,208.91225056014912,205.28044
2022,11,대전광역시,253376.0,204.36,서구,2022-11-01,211.30667214632896,205.17569
2022,12,대전광역시,253521.0,212.13,서구,2022-12-01,220.05121732869029,212.51088
2023,1,대전광역시,253582.0,238.34,서구,2023-01-01,241.487873725735,237.90057
2023,2,대전광역시,253640.0,234.86,서구,2023-02-01,241.6162708384059,235.87248
2023,3,대전광역시,253806.0,199.52,서구,2023-03-01,211.3902594225278,199.77533
2023,4,대전광역시,253908.0,205.93,서구,2023-04-01,220.98302852204245,208.88701
2023,5,대전광역시,253906.0,194.39,서구,2023-05-01,205.74578745481088,194.72665
2023,6,대전광역시,254484.0,202.73,서구,2023-06-01,211.1316870358087,202.71548
2023,7,대전광역시,254607.0,233.72,서구,2023-07-01,229.26071159627412,234.5869
2023,8,대전광역시,254800.0,306.59,서구,2023-08-01,299.65318948948277,306.4161
2023,9,대전광역시,254928.0,302.36,서구,2023-09-01,261.70113319596896,301.77838
2023,10,대전광역시,254856.0,212.48,서구,2023-10-01,212.3935540801799,213.37778
2023,11,대전광역시,254881.0,200.76,서구,2023-11-01,217.71885994988145,202.1112
2023,12,대전광역시,254525.0,212.09,서구,2023-12-01,226.3917880502729,212.15674
2024,1,대전광역시,254384.0,232.2,서구,2024-01-01,243.264414660271,232.59956
2024,2,대전광역시,254344.0,232.65,서구,2024-02-01,242.56475382711793,232.16678
2024,3,대전광역시,255927.0,207.74,서구,2024-03-01,218.6113301701027,207.3855
2024,4,대전광역시,256001.0,208.7,서구,2024-04-01,223.04703858963765,208.49844
2024,5,대전광역시,256011.0,190.42,서구,2024-05-01,205.22020665905362,190.66628
2024,6,대전광역시,256117.0,200.34,서구,2024-06-01,209.84401093095508,200.7982
2024,7,대전광역시,256118.0,234.34,서구,2024-07-01,230.08750485559906,235.07452
2024,8,대전광역시,256405.0,325.57,서구,2024-08-01,296.66793307325133,325.74954
2024,9,대전광역시,256515.0,351.48,서구,2024-09-01,287.78010461277887,351.4634
2024,10,대전광역시,261190.0,251.84,서구,2024-10-01,214.24709436437203,249.47166
2024,11,대전광역시,261314.0,195.9,서구,2024-11-01,210.4852006379518,196.397
2024,12,대전광역시,261322.0,202.38,서구,2024-12-01,218.90497088175889,202.50256
2025,1,,,,서구,,249.33350651566602,240.6064
2025,2,,,,서구,,251.3272786754755,239.533
2025,3,,,,서구,,220.0657982181456,206.81505
2025,4,,,,서구,,226.2141923001891,212.78261
2025,5,,,,서구,,209.2713629577595,197.36
2025,6,,,,서구,,214.1878762242589,230.34726
2025,7,,,,서구,,233.76145719247995,234.54568
2025,8,,,,서구,,301.73201342144256,341.34964
2025,9,,,,서구,,283.0345162554664,334.41772
2025,10,,,,서구,,217.36121069709142,227.03818
2025,11,,,,서구,,216.72453116525017,205.06117
2025,12,,,,서구,,225.3846509105912,229.09201
2014,1,대전광역시,142147.0,236.21,유성구,2014-01-01,221.52025419046257,236.07549
2014,2,대전광역시,142768.0,233.97,유성구,2014-02-01,221.42698548262265,233.9516
2014,3,대전광역시,144146.0,206.93,유성구,2014-03-01,189.66405893007294,206.49371
2014,4,대전광역시,145319.0,214.64,유성구,2014-04-01,199.00493447342424,214.63678
2014,5,대전광역시,146327.0,201.03,유성구,2014-05-01,184.90653086975567,200.78598
2014,6,대전광역시,147459.0,209.44,유성구,2014-06-01,195.28910519082294,209.39757
2014,7,대전광역시,148301.0,217.69,유성구,2014-07-01,220.19487721348858,218.01077
2014,8,대전광역시,148625.0,240.4,유성구,2014-08-01,290.4338506687794,240.6743
2014,9,대전광역시,149463.0,215.74,유성구,2014-09-01,244.8547390926475,215.263
2014,10,대전광역시,150903.0,199.54,유성구,2014-10-01,193.02267239268357,199.13933
2014,11,대전광역시,153043.0,212.8,유성구,2014-11-01,196.87949801286837,212.95633
2014,12,대전광역시,153428.0,220.5,유성구,2014-12-01,205.2314830495665,216.45827
2015,1,대전광역시,153916.0,231.81,유성구,2015-01-01,223.71981156762743,231.981
2015,2,대전광역시,154251.0,228.12,유성구,2015-02-01,223.1229725837137,228.44228
2015,3,대전광역시,154361.0,198.94,유성구,2015-03-01,191.96003607172713,199.72261
2015,4,대전광역시,154531.0,211.5,유성구,2015-04-01,203.46932786380518,211.47528
2015,5,대전광역시,154721.0,197.18,유성구,2015-05-01,190.43667407132648,197.51282
2015,6,대전광역시,155037.0,206.96,유성구,2015-06-01,201.10384175290187,206.45085
2015,7,대전광역시,155701.0,210.95,유성구,2015-07-01,224.61002669098477,212.69595
2015,8,대전광역시,156078.0,266.57,유성구,2015-08-01,294.45055398229465,266.24362
2015,9,대전광역시,156397.0,214.9,유성구,2015-09-01,240.90782321855818,215.09755
2015,10,대전광역시,157157.0,195.36,유성구,2015-10-01,198.34461610060677,195.34622
2015,11,대전광역시,157330.0,211.99,유성구,2015-11-01,205.1044895908842,211.96854
2015,12,대전광역시,157793.0,219.47,유성구,2015-12-01,212.30371179794489,219.34108
2016,1,대전광역시,158321.0,230.44,유성구,2016-01-01,225.79517411887844,229.93755
2016,2,대전광역시,159643.0,233.02,유성구,2016-02-01,224.77889337146053,232.09766
2016,3,대전광역시,159769.0,208.6,유성구,2016-03-01,200.75171880550212,208.53517
2016,4,대전광역시,159844.0,209.39,유성구,2016-04-01,205.77582352601704,210.40959
2016,5,대전광역시,159993.0,196.81,유성구,2016-05-01,189.44336839846665,196.6527
2016,6,대전광역시,161518.0,205.53,유성구,2016-06-01,199.0806821919232,205.23943
2016,7,대전광역시,161788.0,224.78,유성구,2016-07-01,226.62540372002258,223.90297
2016,8,대전광역시,161803.0,302.28,유성구,2016-08-01,297.40614170877035,302.50943
2016,9,대전광역시,162209.0,235.71,유성구,2016-09-01,268.2690856516964,223.92946
2016,10,대전광역시,163757.0,196.32,유성구,2016-10-01,198.46256151857867,196.39452
2016,11,대전광역시,164941.0,208.41,유성구,2016-11-01,196.11333343555071,208.34178
2016,12,대전광역시,165724.0,212.93,유성구,2016-12-01,206.2620847993718,212.97513
2017,1,대전광역시,166350.0,227.44,유성구,2017-01-01,234.66748404962198,228.01123
2017,2,대전광역시,167339.0,229.45,유성구,2017-02-01,235.15945450044157,229.57623
2017,3,대전광역시,167461.0,198.67,유성구,2017-03-01,202.91044084182553,199.57072
2017,4,대전광역시,167588.0,210.13,유성구,2017-04-01,210.0885326971405,211.0022
2017,5,대전광역시,167757.0,196.55,유성구,2017-05-01,194.889374271942,196.44542
2017,6,대전광역시,167954.0,199.88,유성구,2017-06-01,204.9284439192129,205.37418
2017,7,대전광역시,168192.0,239.64,유성구,2017-07-01,231.1809959619634,239.18219
2017,8,대전광역시,168683.0,287.49,유성구,2017-08-01,301.73485447075836,287.41583
2017,9,대전광역시,168932.0,223.58,유성구,2017-09-01,264.2939508549916,223.69443
2017,10,대전광역시,169162.0,198.88,유성구,2017-10-01,203.3777055579355,198.6725
2017,11,대전광역시,169423.0,212.1,유성구,2017-11-01,204.19643699239518,211.2196
2017,12,대전광역시,169609.0,225.43,유성구,2017-12-01,213.5328631512082,225.13312
2018,1,대전광역시,170451.0,236.7,유성구,2018-01-01,236.99548229833914,237.0517
2018,2,대전광역시,171317.0,243.44,유성구,2018-02-01,236.90304307271686,243.38966
2018,3,대전광역시,171450.0,205.56,유성구,2018-03-01,205.1408657298837,205.94463
2018,4,대전광역시,171501.0,213.61,유성구,2018-04-01,214.4834202913464,213.59221
2018,5,대전광역시,171837.0,200.56,유성구,2018-05-01,200.386641543969,200.07857
2018,6,대전광역시,172091.0,211.42,유성구,2018-06-01,210.77089488282596,211.2594
2018,7,대전광역시,172350.0,239.81,유성구,2018-07-01,235.67829176141478,226.46936
2018,8,대전광역시,172439.0,360.28,유성구,2018-08-01,305.9202193882246,360.15408
2018,9,대전광역시,172781.0,244.44,유성구,2018-09-01,260.3440619835656,245.2258
2018,10,대전광역시,173523.0,196.3,유성구,2018-10-01,208.5148541417043,198.7502
2018,11,대전광역시,173683.0,203.4,유성구,2018-11-01,212.37463391527825,205.13634
2018,12,대전광역시,173804.0,219.89,유성구,2018-12-01,220.7321565364492,219.85405
2019,1,대전광역시,174147.0,238.24,유성구,2019-01-01,239.22620722511684,234.05026
2019,2,대전광역시,174180.0,235.45,유성구,2019-02-01,238.63509041997554,234.48671
2019,3,대전광역시,174246.0,205.48,유성구,2019-03-01,207.4773223274247,204.76624
2019,4,대전광역시,174272.0,217.33,유성구,2019-04-01,218.9966057209662,217.18579
2019,5,대전광역시,174266.0,201.09,유성구,2019-05-01,205.97362122022517,201.6187
2019,6,대전광역시,174236.0,208.62,유성구,2019-06-01,216.65078050326952,209.16914
2019,7,대전광역시,175378.0,215.52,유성구,2019-07-01,240.16663472684417,216.36374
2019,8,대전광역시,176386.0,296.3,유성구,2019-08-01,310.0171536131684,273.48657
2019,9,대전광역시,176491.0,266.19,유성구,2019-09-01,256.48940959606125,253.08101
2019,10,대전광역시,177440.0,207.9,유성구,2019-10-01,213.94070578132357,207.87802
2019,11,대전광역시,177478.0,211.11,유성구,2019-11-01,220.71556601781504,211.40938
2019,12,대전광역시,177607.0,218.23,유성구,2019-12-01,227.92929152764256,226.07552
2020,1,대전광역시,177769.0,234.83,유성구,2020-01-01,241.43802692794245,235.26143
2020,2,대전광역시,177928.0,235.57,유성구,2020-02-01,240.4390192599617,234.40723
2020,3,대전광역시,178879.0,220.59,유성구,2020-03-01,216.4280033481864,220.27023
2020,4,대전광역시,178611.0,227.36,유성구,2020-04-01,221.46938111288247,226.7308
2020,5,대전광역시,178638.0,212.63,유성구,2020-05-01,205.15692823381335,211.40523
2020,6,대전광역시,178602.0,226.22,유성구,2020-06-01,214.81491101732632,224.15152
2020,7,대전광역시,178587.0,235.31,유성구,2020-07-01,242.37963480409942,234.41731
2020,8,대전광역시,178613.0,274.34,유성구,2020-08-01,313.1810417935042,274.73138
2020,9,대전광역시,178933.0,312.95,유성구,2020-09-01,284.0646576147303,311.74265
2020,10,대전광역시,179042.0,215.66,유성구,2020-10-01,214.27813852522468,217.86647
2020,11,대전광역시,179063.0,223.7,유성구,2020-11-01,211.94958213103604,222.83601
2020,12,대전광역시,179120.0,233.67,유성구,2020-12-01,222.1183383549762,233.06134
2021,1,대전광역시,179163.0,260.52,유성구,2021-01-01,250.54440949724292,248.46947
2021,2,대전광역시,179233.0,253.9,유성구,2021-02-01,251.05705184003625,254.11678
2021,3,대전광역시,179351.0,216.06,유성구,2021-03-01,218.82670946312172,217.31354
2021,4,대전광역시,179361.0,227.24,유성구,2021-04-01,226.02547309453746,226.29475
2021,5,대전광역시,181887.0,211.18,유성구,2021-05-01,210.84631962917283,211.38556
2021,6,대전광역시,181949.0,224.68,유성구,2021-06-01,220.90606106821434,224.9795
2021,7,대전광역시,180084.0,254.94,유성구,2021-07-01,247.17861807071986,255.15501
2021,8,대전광역시,180397.0,347.59,유성구,2021-08-01,317.7528412039055,346.8744
2021,9,대전광역시,180497.0,267.26,유성구,2021-09-01,280.33230221247635,268.34918
2021,10,대전광역시,181154.0,219.68,유성구,2021-10-01,219.43576462173309,219.06804
2021,11,대전광역시,181244.0,223.06,유성구,2021-11-01,220.27486068603605,221.256
2021,12,대전광역시,181656.0,227.83,유성구,2021-12-01,229.63048942129626,227.72621
2022,1,대전광역시,181703.0,249.45,유성구,2022-01-01,253.11295123072924,249.25624
2022,2,대전광역시,181801.0,250.7,유성구,2022-02-01,253.04333629211246,250.58131
2022,3,대전광역시,181942.0,221.34,유성구,2022-03-01,221.30177443427092,221.75266
2022,4,대전광역시,181938.0,229.71,유성구,2022-04-01,230.66630374680236,224.50626
2022,5,대전광역시,182619.0,208.7,유성구,2022-05-01,216.59079088748234,209.79721
2022,6,대전광역시,184215.0,216.92,유성구,2022-06-01,226.99701928566668,225.29462
2022,7,대전광역시,184208.0,276.64,유성구,2022-07-01,251.9256823506918,275.87183
2022,8,대전광역시,184255.0,331.67,유성구,2022-08-01,322.188309883137,337.94653
2022,9,대전광역시,184340.0,277.83,유성구,2022-09-01,276.63285238409185,278.13028
2022,10,대전광역시,184358.0,216.57,유성구,2022-10-01,224.8237177151391,217.93037
2022,11,대전광역시,186233.0,215.94,유성구,2022-11-01,228.7042397674171,216.24344
2022,12,대전광역시,186555.0,224.67,유성구,2022-12-01,237.07915683512647,224.64552
2023,1,대전광역시,187145.0,248.39,유성구,2023-01-01,255.59118178524741,248.26994
2023,2,대전광역시,187183.0,245.64,유성구,2023-02-01,255.01803924151588,245.68468
2023,3,대전광역시,188528.0,207.06,유성구,2023-03-01,223.87650596580588,207.42592
2023,4,대전광역시,188639.0,217.83,유성구,2023-04-01,235.40949419805872,218.25519
2023,5,대전광역시,188607.0,208.44,유성구,2023-05-01,222.3997724444566,208.07745
2023,6,대전광역시,189839.0,221.03,유성구,2023-06-01,233.09063656621808,221.17209
2023,7,대전광역시,191162.0,256.4,유성구,2023-07-01,256.6197535369197,256.60446
2023,8,대전광역시,191255.0,334.63,유성구,2023-08-01,326.4839772619469,335.1188
2023,9,대전광역시,191303.0,314.9,유성구,2023-09-01,272.96494293194047,314.44086
2023,10,대전광역시,191332.0,223.69,유성구,2023-10-01,230.42466784659842,224.10405
2023,11,대전광역시,192211.0,218.38,유성구,2023-11-01,237.20823777011245,218.63867
2023,12,대전광역시,192654.0,227.09,유성구,2023-12-01,244.43039200937167,227.21954
2024,1,대전광역시,192885.0,246.53,유성구,2024-01-01,257.9455507635781,244.04323
2024,2,대전광역시,193044.0,247.33,유성구,2024-02-01,256.95296644943454,238.38728
2024,3,대전광역시,193203.0,222.12,유성구,2024-03-01,232.94795948160936,221.97482
2024,4,대전광역시,193336.0,224.8,유성구,2024-04-01,237.99576060014144,224.50987
2024,5,대전광역시,193542.0,208.84,유성구,2024-05-01,221.68623747068403,208.8426
2024,6,대전광역시,193599.0,224.8,유성구,2024-06-01,231.3472476621713,225.24182
2024,7,대전광역시,193962.0,264.33,유성구,2024-07-01,258.91490119855473,264.32
2024,8,대전광역시,194021.0,368.29,유성구,2024-08-01,329.7193355959007,367.96268
2024,9,대전광역시,194075.0,376.88,유성구,2024-09-01,300.6059759474646,376.90045
2024,10,대전광역시,194119.0,265.98,유성구,2024-10-01,230.82238382258333,265.40295
2024,11,대전광역시,194148.0,221.62,유성구,2024-11-01,228.49685195859533,209.80775
2024,12,대전광역시,194207.0,228.46,유성구,2024-12-01,238.66853514727583,228.49583
2025,1,,,,유성구,,267.0976306165582,246.39427
2025,2,,,,유성구,,267.61329728638805,245.66519
2025,3,,,,유성구,,235.38568655964005,221.68115
2025,4,,,,유성구,,242.5874745181019,235.93231
2025,5,,,,유성구,,227.41124780560864,215.63922
2025,6,,,,유성구,,237.47401355603725,226.98637
2025,7,,,,유성구,,263.7494973115022,267.36307
2025,8,,,,유성구,,334.32674475604495,367.96268
2025,9,,,,유성구,,296.90923007599764,366.55945
2025,10,,,,유성구,,236.01561923287701,232.36276
2025,11,,,,유성구,,236.85773960306085,237.30592
2025,12,,,,유성구,,246.2162950860322,238.5658
2014,1,대전광역시,115266.0,257.17,중구,2014-01-01,247.9111503286842,257.11115
2014,2,대전광역시,115438.0,256.65,중구,2014-02-01,246.69681517329533,256.74915
2014,3,대전광역시,115521.0,220.89,중구,2014-03-01,212.31940833707125,221.63419
2014,4,대전광역시,115549.0,227.51,중구,2014-04-01,218.35638525374992,227.41197
2014,5,대전광역시,115580.0,212.14,중구,2014-05-01,201.57446681798524,211.23227
2014,6,대전광역시,115810.0,215.93,중구,2014-06-01,207.73602972337946,215.67445
2014,7,대전광역시,115846.0,224.27,중구,2014-07-01,230.95212506099176,223.2394
2014,8,대전광역시,115844.0,241.58,중구,2014-08-01,292.4121081215445,241.71991
2014,9,대전광역시,115915.0,221.44,중구,2014-09-01,245.63417544880815,222.22238
2014,10,대전광역시,116009.0,208.77,중구,2014-10-01,204.42738714370253,208.65508
2014,11,대전광역시,116081.0,231.12,중구,2014-11-01,213.06035911104098,230.90276
2014,12,대전광역시,116107.0,242.47,중구,2014-12-01,225.2439334586395,242.77882
2015,1,대전광역시,116115.0,257.22,중구,2015-01-01,245.45081182256095,256.5122
2015,2,대전광역시,116115.0,254.02,중구,2015-02-01,243.8659396495492,253.95712
2015,3,대전광역시,116224.0,219.78,중구,2015-03-01,210.26335051382028,220.39865
2015,4,대전광역시,116284.0,228.79,중구,2015-04-01,218.39521286530598,222.91406
2015,5,대전광역시,116384.0,208.5,중구,2015-05-01,202.2356960298272,210.56512
2015,6,대전광역시,116474.0,214.22,중구,2015-06-01,208.14356834942924,214.26819
2015,7,대전광역시,116571.0,217.36,중구,2015-07-01,230.98944211121383,217.86867
2015,8,대전광역시,116505.0,264.63,중구,2015-08-01,290.9995627566225,263.7932
2015,9,대전광역시,116750.0,219.47,중구,2015-09-01,238.2380048977472,220.03152
2015,10,대전광역시,116870.0,204.94,중구,2015-10-01,205.13823919209332,205.12337
2015,11,대전광역시,116992.0,223.66,중구,2015-11-01,216.24919305294475,223.22191
2015,12,대전광역시,117054.0,232.38,중구,2015-12-01,226.72020423063856,232.18837
2016,1,대전광역시,117167.0,248.6,중구,2016-01-01,242.88492834970654,248.50508
2016,2,대전광역시,117153.0,250.85,중구,2016-02-01,241.00544256284678,250.67458
2016,3,대전광역시,117280.0,221.74,중구,2016-03-01,213.23167395665612,221.89783
2016,4,대전광역시,117383.0,219.77,중구,2016-04-01,215.06666360694712,219.15308
2016,5,대전광역시,117497.0,202.56,중구,2016-05-01,196.9240620183438,202.5046
2016,6,대전광역시,117636.0,208.73,중구,2016-06-01,203.4739361571413,209.52054
2016,7,대전광역시,117681.0,224.84,중구,2016-07-01,227.2805635899114,225.7508
2016,8,대전광역시,117710.0,297.99,중구,2016-08-01,291.42856362686916,297.91727
2016,9,대전광역시,117879.0,233.25,중구,2016-09-01,257.1144188847535,233.36835
2016,10,대전광역시,117937.0,201.25,중구,2016-10-01,200.13726863754098,200.98991
2016,11,대전광역시,118760.0,218.62,중구,2016-11-01,203.42750625223357,217.79446
2016,12,대전광역시,118871.0,227.16,중구,2016-12-01,218.60365140226904,227.65334
2017,1,대전광역시,118990.0,241.85,중구,2017-01-01,246.86068769820747,242.16673
2017,2,대전광역시,119126.0,244.07,중구,2017-02-01,246.0908033894547,243.95508
2017,3,대전광역시,119204.0,207.79,중구,2017-03-01,211.0404263699196,208.68819
2017,4,대전광역시,119399.0,215.83,중구,2017-04-01,214.9774506062888,216.0947
2017,5,대전광역시,119603.0,198.51,중구,2017-05-01,197.5339383426233,195.7376
2017,6,대전광역시,119719.0,201.79,중구,2017-06-01,203.90945862960814,201.96039
2017,7,대전광역시,119815.0,234.29,중구,2017-07-01,227.44613942406863,232.9074
2017,8,대전광역시,119921.0,268.5,중구,2017-08-01,290.2871970369512,269.61322
2017,9,대전광역시,120107.0,213.59,중구,2017-09-01,249.66093044511845,213.54366
2017,10,대전광역시,120218.0,197.37,중구,2017-10-01,200.49241185262252,194.9125
2017,11,대전광역시,120380.0,194.5,중구,2017-11-01,206.51724979157223,195.80353
2017,12,대전광역시,120529.0,226.53,중구,2017-12-01,220.27100098834643,226.53319
2018,1,대전광역시,120693.0,243.79,중구,2018-01-01,244.51163462104637,243.69644
2018,2,대전광역시,120744.0,247.38,중구,2018-02-01,243.2984552201801,247.55804
2018,3,대전광역시,120699.0,209.53,중구,2018-03-01,208.9220922912482,208.84085
2018,4,대전광역시,120906.0,213.11,중구,2018-04-01,214.96103013290823,214.25935
2018,5,대전광역시,121016.0,197.54,중구,2018-05-01,198.18100936652792,197.78923
2018,6,대전광역시,121487.0,201.3,중구,2018-06-01,204.34453306440278,205.18184
2018,7,대전광역시,121548.0,228.85,중구,2018-07-01,227.56252594313125,228.47873
2018,8,대전광역시,121823.0,333.24,중구,2018-08-01,289.03499286720796,332.12598
2018,9,대전광역시,121929.0,242.03,중구,2018-09-01,242.26954405796803,242.56989
2018,10,대전광역시,121863.0,193.02,중구,2018-10-01,201.0748369014032,193.23682
2018,11,대전광역시,121976.0,208.97,중구,2018-11-01,209.72029272224484,208.56172
2018,12,대전광역시,122052.0,219.5,중구,2018-12-01,221.9174463869299,219.9066
2019,1,대전광역시,122082.0,240.4,중구,2019-01-01,242.13835671183062,240.68896
2019,2,대전광역시,122099.0,237.51,중구,2019-02-01,240.56751634943197,237.14006
2019,3,대전광역시,122121.0,204.25,중구,2019-03-01,206.97760110707046,203.99925
2019,4,대전광역시,122273.0,213.68,중구,2019-04-01,215.17055449126048,211.86415
2019,5,대전광역시,122317.0,195.99,중구,2019-05-01,199.07015801001222,195.90471
2019,6,대전광역시,122401.0,196.96,중구,2019-06-01,205.03912136232108,202.25572
2019,7,대전광역시,122432.0,204.64,중구,2019-07-01,227.94411548286365,206.10301
2019,8,대전광역시,122732.0,283.59,중구,2019-08-01,288.0153271656625,283.79892
2019,9,대전광역시,122771.0,239.93,중구,2019-09-01,235.40300632868204,228.85474
2019,10,대전광역시,122821.0,197.12,중구,2019-10-01,202.44766354745667,196.79257
2019,11,대전광역시,122890.0,205.89,중구,2019-11-01,213.70785442870675,206.67859
2019,12,대전광역시,122883.0,217.65,중구,2019-12-01,224.32328852934276,216.88716
2020,1,대전광역시,123085.0,234.22,중구,2020-01-01,240.66868507539104,235.59041
2020,2,대전광역시,123135.0,234.85,중구,2020-02-01,238.96987171557618,234.98055
2020,3,대전광역시,123115.0,217.31,중구,2020-03-01,211.36511926705398,216.63081
2020,4,대전광역시,123009.0,220.63,중구,2020-04-01,213.38078136179888,220.02582
2020,5,대전광역시,122786.0,203.22,중구,2020-05-01,195.43663147487808,202.97629
2020,6,대전광역시,122649.0,210.0,중구,2020-06-01,202.19157237203993,208.94714
2020,7,대전광역시,122460.0,215.79,중구,2020-07-01,226.19665149771555,217.86179
2020,8,대전광역시,122375.0,258.03,중구,2020-08-01,290.54971828402955,290.1537
2020,9,대전광역시,122310.0,275.03,중구,2020-09-01,256.4406552527309,274.5507
2020,10,대전광역시,122276.0,200.64,중구,2020-10-01,199.66197117736425,200.71284
2020,11,대전광역시,122340.0,214.01,중구,2020-11-01,203.15728961199073,214.35394
2020,12,대전광역시,122388.0,226.22,중구,2020-12-01,218.53190007159677,225.87447
2021,1,대전광역시,122295.0,253.38,중구,2021-01-01,246.99401803563345,252.45067
2021,2,대전광역시,122544.0,244.85,중구,2021-02-01,246.4292153949452,245.38806
2021,3,대전광역시,122513.0,206.96,중구,2021-03-01,211.5640728572151,208.0677
2021,4,대전광역시,122460.0,214.08,중구,2021-04-01,215.70617812694275,213.89528
2021,5,대전광역시,122516.0,199.21,중구,2021-05-01,198.46277913264476,199.3213
2021,6,대전광역시,122746.0,207.58,중구,2021-06-01,205.04508313125334,207.22504
2021,7,대전광역시,121017.0,238.17,중구,2021-07-01,228.78187719501278,224.97353
2021,8,대전광역시,121579.0,313.86,중구,2021-08-01,291.8292407279587,313.9769
2021,9,대전광역시,121471.0,236.81,중구,2021-09-01,251.40928005615032,236.54721
2021,10,대전광역시,122445.0,201.13,중구,2021-10-01,202.44043184418268,201.5512
2021,11,대전광역시,122577.0,210.21,중구,2021-11-01,208.67159584300703,209.91441
2021,12,대전광역시,122498.0,218.81,중구,2021-12-01,222.62436307584045,219.03036
2022,1,대전광역시,122492.0,241.17,중구,2022-01-01,247.07064661244232,241.9626
2022,2,대전광역시,122355.0,241.47,중구,2022-02-01,246.0631220678647,241.80115
2022,3,대전광역시,122309.0,209.21,중구,2022-03-01,211.87251191230638,209.07996
2022,4,대전광역시,122283.0,215.94,중구,2022-04-01,218.116299439755,216.67343
2022,5,대전광역시,122333.0,194.04,중구,2022-05-01,201.53452030472772,194.13641
2022,6,대전광역시,122343.0,202.45,중구,2022-06-01,207.90289530528622,204.53368
2022,7,대전광역시,122235.0,262.1,중구,2022-07-01,231.31913138014198,260.37415
2022,8,대전광역시,122187.0,303.27,중구,2022-08-01,292.9859265358896,312.15567
2022,9,대전광역시,122036.0,245.68,중구,2022-09-01,246.4148059582888,245.93132
2022,10,대전광역시,122033.0,201.86,중구,2022-10-01,205.40815842726965,202.62123
2022,11,대전광역시,121964.0,208.94,중구,2022-11-01,214.24794252786833,214.98148
2022,12,대전광역시,121759.0,223.23,중구,2022-12-01,226.63165764955124,223.16833
2023,1,대전광역시,121700.0,247.14,중구,2023-01-01,247.04534814670637,246.91223
2023,2,대전광역시,121694.0,241.38,중구,2023-02-01,245.66728795652523,240.7914
2023,3,대전광역시,121622.0,202.13,중구,2023-03-01,212.25149674075408,201.91432
2023,4,대전광역시,121609.0,208.19,중구,2023-04-01,220.5901710750656,208.26173
2023,5,대전광역시,121597.0,196.13,중구,2023-05-01,204.63079486812535,196.58043
2023,6,대전광역시,121603.0,205.58,중구,2023-06-01,210.74547917056358,205.17462
2023,7,대전광역시,122747.0,238.35,중구,2023-07-01,233.7914935654059,238.65854
2023,8,대전광역시,122773.0,309.92,중구,2023-08-01,294.00842619832065,310.2334
2023,9,대전광역시,122767.0,273.55,중구,2023-09-01,241.45368032696348,272.3238
2023,10,대전광역시,123193.0,203.13,중구,2023-10-01,208.5540552543607,203.604
2023,11,대전광역시,124073.0,202.86,중구,2023-11-01,219.87182110117692,203.20978
2023,12,대전광역시,124750.0,214.95,중구,2023-12-01,230.54297291047718,219.85988
2024,1,대전광역시,124717.0,233.48,중구,2024-01-01,246.914509015537,236.26674
2024,2,대전광역시,124792.0,230.93,중구,2024-02-01,245.24183521467126,231.26967
2024,3,대전광역시,124783.0,208.01,중구,2024-03-01,217.66153590197732,207.97101
2024,4,대전광역시,124718.0,207.07,중구,2024-04-01,219.70333755567637,207.24146
2024,5,대전광역시,124667.0,189.7,중구,2024-05-01,201.7608766155398,189.27003
2024,6,대전광역시,124645.0,202.77,중구,2024-06-01,208.51756275775332,202.14883
2024,7,대전광역시,125067.0,236.31,중구,2024-07-01,232.52433083020784,236.4788
2024,8,대전광역시,126060.0,334.03,중구,2024-08-01,296.8791428615421,347.39206
2024,9,대전광역시,126896.0,326.26,중구,2024-09-01,262.77181011383306,302.42038
2024,10,대전광역시,127856.0,226.71,중구,2024-10-01,205.9948005062702,226.68561
2024,11,대전광역시,127867.0,199.55,중구,2024-11-01,209.49184922437334,205.46007
2024,12,대전광역시,127807.0,211.39,중구,2024-12-01,224.86813415188396,211.02544
2025,1,,,,중구,,253.33198155122972,241.19345
2025,2,,,,중구,,252.7689083458584,244.3397
2025,3,,,,중구,,217.90532787869122,205.43634
2025,4,,,,중구,,222.04916258375647,208.517
2025,5,,,,중구,,204.80578948332783,196.39479
2025,6,,,,중구,,211.38812023901744,201.19305
2025,7,,,,중구,,235.12494019672437,236.77019
2025,8,,,,중구,,298.172330486727,347.39206
2025,9,,,,중구,,257.75239657198836,299.88583
2025,10,,,,중구,,208.7835547637894,227.09169
2025,11,,,,중구,,215.01472537983577,208.5325
2025,12,,,,중구,,228.96749901651577,216.3114
